insignificant,bucket,sloshy,drain clogs
blithering,mound,dusky,cigar butts
repulsive,bunch,wormy,pigeon bombs
worthless,stack,mealy,cow cud
blundering,compost pile,defective,snake innards
retarded,glob,spoiled,spitoon spillage
useless,bag,contaminated,barf curds
obnoxious,heap,sun-ripened,maggot fodder
low budget,mountain,rancid,nose pickings
asinine,load,old,cow pies
neurotic,toilet full,fermenting,hog swill
subhuman,barrel,industrial-strength,sinus drainage
crochety,sack,flea-bitten,lizard bums
indescribable,blob,nauseating,pig bowels
contemptible,pile,stale,walrus blubber
unspeakable,clump,foul,dog barf
sick,shovel full,fossilized,coyote snot
lazy,cake,festering,carp guts
good for nothing,bowl,steaming,skunk waste
slutty,wheelbarrel full,gross,camel fleas
spastic,box,reasty,llama spit
creepy,crate,recycled,rat boogers
sloppy,collection,mildewed,toe jam
dumb,truckload,raunchy,maggot guts
predictable,vat,putrid,dog meat
atrocious,lump,moldy,ear wax
grotesque,crock,synthetic,nose nuggets
ugly,ball,filthy,swine remains
ungodly,mass,soppy,rubbish
feeble-minded,tub,radioactive,goat carcasses
clueless,loaf,infested,sewage
demented,bucket,septic,zit cheese
bewildered,mound,crusty,vulture gizzards
outrageous,bunch,smelly,hogwash
deranged,stack,dirty,navel lint
confused,compost pile,rotten,gutter mud
miserable,glob,crumby,leprousy scabs
detestable,bag,musty,nasal hairs
annoying,heap,second-hand,garbage
shameless,mountain,fly-covered,elephant plaque
ignorant,load,imitation,slug slime
despicable,toilet full,moth-eaten,buzzard barf
insane,barrel,pureed,jock straps
sleazy,sack,decaying,parrot droppings
tiny brained,blob,decomposed,camel manure
oblivious,pile,freeze dried,chicken guts
hopeless,clump,soggy,underwear
god-awful,shovel full,petrified,compost
bungling,cake,seething,pig droppings
appalling,bowl,stinking,rabbit raisins
lackluster,wheelbarrel full,clammy,turkey puke
skaggy,box,dehydrated,whale waste
brainless,crate,polluted,hippo vomit
boring,collection,lousy,pimple pus
uncultivated,truckload,stenchy,dog phlegm
inadequate,vat,malignant,buffalo chips
inhuman,lump,noxious,weasel warts
self-exalting,crock,grimy,shark snot
testy,ball,fusty,swamp mud
irresponsible,mass,reeky,tripe
deficient,tub,nasty,pig hickies
disdainful,loaf,mutilated,fish lips
friendless,bucket,sloppy,cockroaches
dreadful,mound,crumbly,dandruff flakes
psychotic,bunch,fresh,puke lumps
opinionated,stack,gruesome,rodent droppings
monotonous,compost pile,foreign,carrion
disgraceful,glob,grisly,monkey zits
preposterous,bag,sloshy,horse pukies
totally tacky,heap,dusky,pig slop
uneducated,mountain,wormy,sewer seepage
ridiculous,load,mealy,armpit hairs
double ugly,toilet full,defective,ape puke
irrational,barrel,spoiled,frog fat
cranky,sack,contaminated,bug parts
goofy,blob,sun-ripened,mule froth
crude,pile,rancid,hog livers
embarrassing,clump,old,camel flops
deeply disturbed,shovel full,fermenting,sludge
inept,cake,industrial-strength,pimple squeezings
undisciplined,bowl,flea-bitten,toad tumors
crooked,wheelbarrel full,nauseating,sweat socks
pathetic,box,stale,bat guano
infantile,crate,foul,rat cysts
witless,collection,fossilized,moose entrails
indecent,truckload,festering,foot fungus
infuriating,vat,steaming,buzzard leavings
unimpressive,lump,gross,eel guts
insufferable,crock,reasty,maggot brains
dismal,ball,recycled,sinus clots
erratic,mass,mildewed,stable sweepings
